{
    "IDH3B": {
        "type": "disease",
        "Degree": 3,
        "Betwenness": 0.0012743125419181756,
        "Eigen": 0.0012743125419181756,
        "Closeness": 0.20821114369501467,
        "Ratio Betwenness/Degree": 0.00042477084730605853
    },
    "BBS10": {
        "type": "disease",
        "Degree": 1,
        "Betwenness": 0.0,
        "Eigen": 0.0,
        "Closeness": 0.1591928251121076,
        "Ratio Betwenness/Degree": 0.0
    },
    "RPGRIP1L": {
        "type": "disease",
        "Degree": 6,
        "Betwenness": 0.11006036217303823,
        "Eigen": 0.11006036217303823,
        "Closeness": 0.2268370607028754,
        "Ratio Betwenness/Degree": 0.01834339369550637
    },
    "SPATA7": {
        "type": "disease",
        "Degree": 1,
        "Betwenness": 0.0,
        "Eigen": 0.0,
        "Closeness": 0.185378590078329,
        "Ratio Betwenness/Degree": 0.0
    },
    "BBS7": {
        "type": "disease",
        "Degree": 11,
        "Betwenness": 0.13215291750503022,
        "Eigen": 0.13215291750503022,
        "Closeness": 0.18882978723404256,
        "Ratio Betwenness/Degree": 0.012013901591366383
    },
    "CNNM4": {
        "type": "disease",
        "Degree": 1,
        "Betwenness": 0.0,
        "Eigen": 0.0,
        "Closeness": 0.16864608076009502,
        "Ratio Betwenness/Degree": 0.0
    },
    "PRPF31": {
        "type": "disease",
        "Degree": 7,
        "Betwenness": 0.24949027498323273,
        "Eigen": 0.24949027498323273,
        "Closeness": 0.23986486486486486,
        "Ratio Betwenness/Degree": 0.03564146785474753
    },
    "FBLN5": {
        "type": "disease",
        "Degree": 2,
        "Betwenness": 0.23889336016096588,
        "Eigen": 0.23889336016096588,
        "Closeness": 0.24398625429553264,
        "Ratio Betwenness/Degree": 0.11944668008048294
    },
    "MKKS": {
        "type": "disease",
        "Degree": 1,
        "Betwenness": 0.0,
        "Eigen": 0.0,
        "Closeness": 0.13813229571984437,
        "Ratio Betwenness/Degree": 0.0
    },
    "GIGYF2": {
        "type": "disease",
        "Degree": 4,
        "Betwenness": 0.2575251509054325,
        "Eigen": 0.2575251509054325,
        "Closeness": 0.23666666666666666,
        "Ratio Betwenness/Degree": 0.06438128772635812
    },
    "EFEMP1": {
        "type": "disease",
        "Degree": 1,
        "Betwenness": 0.0,
        "Eigen": 0.0,
        "Closeness": 0.2,
        "Ratio Betwenness/Degree": 0.0
    },
    "SNRNP200": {
        "type": "disease",
        "Degree": 7,
        "Betwenness": 0.03686116700201206,
        "Eigen": 0.03686116700201206,
        "Closeness": 0.21515151515151515,
        "Ratio Betwenness/Degree": 0.005265881000287437
    },
    "NEK2": {
        "type": "disease",
        "Degree": 2,
        "Betwenness": 0.009691482226693495,
        "Eigen": 0.009691482226693495,
        "Closeness": 0.17661691542288557,
        "Ratio Betwenness/Degree": 0.0048457411133467476
    },
    "INPP5E": {
        "type": "disease",
        "Degree": 2,
        "Betwenness": 0.25044265593561355,
        "Eigen": 0.25044265593561355,
        "Closeness": 0.23202614379084968,
        "Ratio Betwenness/Degree": 0.12522132796780677
    },
    "ACO2": {
        "type": "disease",
        "Degree": 2,
        "Betwenness": 0.028169014084507043,
        "Eigen": 0.028169014084507043,
        "Closeness": 0.1632183908045977,
        "Ratio Betwenness/Degree": 0.014084507042253521
    },
    "LRP2": {
        "type": "disease",
        "Degree": 3,
        "Betwenness": 0.2056338028169014,
        "Eigen": 0.2056338028169014,
        "Closeness": 0.20943952802359883,
        "Ratio Betwenness/Degree": 0.06854460093896714
    },
    "AHI1": {
        "type": "disease",
        "Degree": 3,
        "Betwenness": 0.014527162977867204,
        "Eigen": 0.014527162977867204,
        "Closeness": 0.20579710144927535,
        "Ratio Betwenness/Degree": 0.004842387659289068
    },
    "OFD1": {
        "type": "disease",
        "Degree": 11,
        "Betwenness": 0.3758148893360159,
        "Eigen": 0.3758148893360159,
        "Closeness": 0.23666666666666666,
        "Ratio Betwenness/Degree": 0.03416498993963781
    },
    "TTLL5": {
        "type": "disease",
        "Degree": 2,
        "Betwenness": 0.2364788732394367,
        "Eigen": 0.2364788732394367,
        "Closeness": 0.23905723905723905,
        "Ratio Betwenness/Degree": 0.11823943661971835
    },
    "CC2D2A": {
        "type": "disease",
        "Degree": 3,
        "Betwenness": 0.0001341381623071764,
        "Eigen": 0.0001341381623071764,
        "Closeness": 0.19398907103825136,
        "Ratio Betwenness/Degree": 4.47127207690588e-05
    },
    "ALMS1": {
        "type": "disease",
        "Degree": 1,
        "Betwenness": 0.0,
        "Eigen": 0.0,
        "Closeness": 0.1591928251121076,
        "Ratio Betwenness/Degree": 0.0
    },
    "BBS1": {
        "type": "disease",
        "Degree": 8,
        "Betwenness": 0.028470824949698187,
        "Eigen": 0.028470824949698187,
        "Closeness": 0.17661691542288557,
        "Ratio Betwenness/Degree": 0.0035588531187122734
    },
    "PRPF3": {
        "type": "disease",
        "Degree": 7,
        "Betwenness": 0.042669349429912816,
        "Eigen": 0.042669349429912816,
        "Closeness": 0.21385542168674698,
        "Ratio Betwenness/Degree": 0.006095621347130402
    },
    "ARL2BP": {
        "type": "disease",
        "Degree": 1,
        "Betwenness": 0.0,
        "Eigen": 0.0,
        "Closeness": 0.1136,
        "Ratio Betwenness/Degree": 0.0
    },
    "POC1B": {
        "type": "disease",
        "Degree": 1,
        "Betwenness": 0.0,
        "Eigen": 0.0,
        "Closeness": 0.14822546972860126,
        "Ratio Betwenness/Degree": 0.0
    },
    "CEP290": {
        "type": "disease",
        "Degree": 3,
        "Betwenness": 0.014527162977867204,
        "Eigen": 0.014527162977867204,
        "Closeness": 0.20579710144927535,
        "Ratio Betwenness/Degree": 0.004842387659289068
    },
    "BBS12": {
        "type": "disease",
        "Degree": 2,
        "Betwenness": 0.028169014084507043,
        "Eigen": 0.028169014084507043,
        "Closeness": 0.15990990990990991,
        "Ratio Betwenness/Degree": 0.014084507042253521
    },
    "GPHN": {
        "type": "disease",
        "Degree": 1,
        "Betwenness": 0.0,
        "Eigen": 0.0,
        "Closeness": 0.17661691542288557,
        "Ratio Betwenness/Degree": 0.0
    },
    "FAM161A": {
        "type": "disease",
        "Degree": 2,
        "Betwenness": 0.028169014084507043,
        "Eigen": 0.028169014084507043,
        "Closeness": 0.17359413202933985,
        "Ratio Betwenness/Degree": 0.014084507042253521
    },
    "TTC8": {
        "type": "disease",
        "Degree": 6,
        "Betwenness": 0.0,
        "Eigen": 0.0,
        "Closeness": 0.17574257425742573,
        "Ratio Betwenness/Degree": 0.0
    },
    "TIMP3": {
        "type": "disease",
        "Degree": 3,
        "Betwenness": 0.158953722334004,
        "Eigen": 0.158953722334004,
        "Closeness": 0.17884130982367757,
        "Ratio Betwenness/Degree": 0.05298457411133467
    },
    "PRSS23": {
        "type": "disease",
        "Degree": 1,
        "Betwenness": 0.0,
        "Eigen": 0.0,
        "Closeness": 0.17359413202933985,
        "Ratio Betwenness/Degree": 0.0
    },
    "USH1C": {
        "type": "disease",
        "Degree": 2,
        "Betwenness": 0.08209255533199195,
        "Eigen": 0.08209255533199195,
        "Closeness": 0.13575525812619502,
        "Ratio Betwenness/Degree": 0.04104627766599597
    },
    "LCA5": {
        "type": "disease",
        "Degree": 4,
        "Betwenness": 0.08289738430583501,
        "Eigen": 0.08289738430583501,
        "Closeness": 0.20821114369501467,
        "Ratio Betwenness/Degree": 0.020724346076458754
    },
    "MYO7A": {
        "type": "disease",
        "Degree": 2,
        "Betwenness": 0.055533199195171024,
        "Eigen": 0.055533199195171024,
        "Closeness": 0.12054329371816638,
        "Ratio Betwenness/Degree": 0.027766599597585512
    },
    "RP2": {
        "type": "disease",
        "Degree": 3,
        "Betwenness": 0.08289738430583501,
        "Eigen": 0.08289738430583501,
        "Closeness": 0.1457905544147844,
        "Ratio Betwenness/Degree": 0.027632461435278338
    },
    "PAX2": {
        "type": "disease",
        "Degree": 4,
        "Betwenness": 0.0,
        "Eigen": 0.0,
        "Closeness": 0.1748768472906404,
        "Ratio Betwenness/Degree": 0.0
    },
    "RP9": {
        "type": "disease",
        "Degree": 1,
        "Betwenness": 0.0,
        "Eigen": 0.0,
        "Closeness": 0.1918918918918919,
        "Ratio Betwenness/Degree": 0.0
    },
    "IFT172": {
        "type": "disease",
        "Degree": 1,
        "Betwenness": 0.0,
        "Eigen": 0.0,
        "Closeness": 0.17274939172749393,
        "Ratio Betwenness/Degree": 0.0
    },
    "RPGR": {
        "type": "disease",
        "Degree": 5,
        "Betwenness": 0.25614352783366856,
        "Eigen": 0.25614352783366856,
        "Closeness": 0.22756410256410256,
        "Ratio Betwenness/Degree": 0.051228705566733715
    },
    "CDKL5": {
        "type": "disease",
        "Degree": 1,
        "Betwenness": 0.0,
        "Eigen": 0.0,
        "Closeness": 0.16247139588100687,
        "Ratio Betwenness/Degree": 0.0
    },
    "ITGA4": {
        "type": "disease",
        "Degree": 3,
        "Betwenness": 0.055533199195171024,
        "Eigen": 0.055533199195171024,
        "Closeness": 0.19346049046321526,
        "Ratio Betwenness/Degree": 0.01851106639839034
    },
    "ARL3": {
        "type": "disease",
        "Degree": 2,
        "Betwenness": 0.028169014084507043,
        "Eigen": 0.028169014084507043,
        "Closeness": 0.12792792792792793,
        "Ratio Betwenness/Degree": 0.014084507042253521
    },
    "NPHP4": {
        "type": "disease",
        "Degree": 4,
        "Betwenness": 0.07460764587525147,
        "Eigen": 0.07460764587525147,
        "Closeness": 0.21450151057401812,
        "Ratio Betwenness/Degree": 0.018651911468812867
    },
    "PRPF6": {
        "type": "disease",
        "Degree": 7,
        "Betwenness": 0.093326626425218,
        "Eigen": 0.093326626425218,
        "Closeness": 0.2305194805194805,
        "Ratio Betwenness/Degree": 0.013332375203602571
    },
    "PRPF4": {
        "type": "disease",
        "Degree": 7,
        "Betwenness": 0.0426693494299128,
        "Eigen": 0.0426693494299128,
        "Closeness": 0.21385542168674698,
        "Ratio Betwenness/Degree": 0.006095621347130401
    },
    "OAT": {
        "type": "disease",
        "Degree": 1,
        "Betwenness": 0.0,
        "Eigen": 0.0,
        "Closeness": 0.1405940594059406,
        "Ratio Betwenness/Degree": 0.0
    },
    "ZNF408": {
        "type": "disease",
        "Degree": 4,
        "Betwenness": 0.3596177062374248,
        "Eigen": 0.3596177062374248,
        "Closeness": 0.24912280701754386,
        "Ratio Betwenness/Degree": 0.0899044265593562
    },
    "CWC27": {
        "type": "disease",
        "Degree": 1,
        "Betwenness": 0.0,
        "Eigen": 0.0,
        "Closeness": 0.16247139588100687,
        "Ratio Betwenness/Degree": 0.0
    },
    "IQCB1": {
        "type": "disease",
        "Degree": 4,
        "Betwenness": 0.05125419181757211,
        "Eigen": 0.05125419181757211,
        "Closeness": 0.2022792022792023,
        "Ratio Betwenness/Degree": 0.012813547954393028
    },
    "RPGRIP1": {
        "type": "disease",
        "Degree": 3,
        "Betwenness": 0.029309188464118032,
        "Eigen": 0.029309188464118032,
        "Closeness": 0.221875,
        "Ratio Betwenness/Degree": 0.009769729488039345
    },
    "EMC1": {
        "type": "disease",
        "Degree": 3,
        "Betwenness": 0.13279678068410464,
        "Eigen": 0.13279678068410464,
        "Closeness": 0.19667590027700832,
        "Ratio Betwenness/Degree": 0.044265593561368215
    },
    "IFT140": {
        "type": "disease",
        "Degree": 3,
        "Betwenness": 0.004862508383635144,
        "Eigen": 0.004862508383635144,
        "Closeness": 0.17149758454106281,
        "Ratio Betwenness/Degree": 0.0016208361278783813
    },
    "BBS4": {
        "type": "disease",
        "Degree": 8,
        "Betwenness": 0.17602951039570752,
        "Eigen": 0.17602951039570752,
        "Closeness": 0.20520231213872833,
        "Ratio Betwenness/Degree": 0.02200368879946344
    },
    "CEP164": {
        "type": "disease",
        "Degree": 4,
        "Betwenness": 0.10710261569416493,
        "Eigen": 0.10710261569416493,
        "Closeness": 0.21515151515151515,
        "Ratio Betwenness/Degree": 0.026775653923541233
    },
    "FTH1": {
        "type": "disease",
        "Degree": 1,
        "Betwenness": 0.0,
        "Eigen": 0.0,
        "Closeness": 0.12746858168761221,
        "Ratio Betwenness/Degree": 0.0
    },
    "PHF3": {
        "type": "disease",
        "Degree": 1,
        "Betwenness": 0.0,
        "Eigen": 0.0,
        "Closeness": 0.17661691542288557,
        "Ratio Betwenness/Degree": 0.0
    },
    "WDR19": {
        "type": "disease",
        "Degree": 2,
        "Betwenness": 0.0,
        "Eigen": 0.0,
        "Closeness": 0.16666666666666666,
        "Ratio Betwenness/Degree": 0.0
    },
    "LRP5": {
        "type": "disease",
        "Degree": 1,
        "Betwenness": 0.0,
        "Eigen": 0.0,
        "Closeness": 0.15203426124197003,
        "Ratio Betwenness/Degree": 0.0
    },
    "CEP78": {
        "type": "disease",
        "Degree": 1,
        "Betwenness": 0.0,
        "Eigen": 0.0,
        "Closeness": 0.17401960784313725,
        "Ratio Betwenness/Degree": 0.0
    },
    "CDH23": {
        "type": "disease",
        "Degree": 2,
        "Betwenness": 0.10784708249496981,
        "Eigen": 0.10784708249496981,
        "Closeness": 0.15468409586056645,
        "Ratio Betwenness/Degree": 0.053923541247484906
    },
    "BBS9": {
        "type": "disease",
        "Degree": 6,
        "Betwenness": 0.0,
        "Eigen": 0.0,
        "Closeness": 0.17574257425742573,
        "Ratio Betwenness/Degree": 0.0
    },
    "BBS5": {
        "type": "disease",
        "Degree": 6,
        "Betwenness": 0.0,
        "Eigen": 0.0,
        "Closeness": 0.17574257425742573,
        "Ratio Betwenness/Degree": 0.0
    },
    "CEP250": {
        "type": "disease",
        "Degree": 5,
        "Betwenness": 0.07032193158953721,
        "Eigen": 0.07032193158953721,
        "Closeness": 0.21005917159763313,
        "Ratio Betwenness/Degree": 0.014064386317907443
    },
    "DHX38": {
        "type": "disease",
        "Degree": 4,
        "Betwenness": 0.05593561368209255,
        "Eigen": 0.05593561368209255,
        "Closeness": 0.19346049046321526,
        "Ratio Betwenness/Degree": 0.013983903420523138
    },
    "TTC21B": {
        "type": "disease",
        "Degree": 3,
        "Betwenness": 0.04718309859154931,
        "Eigen": 0.04718309859154931,
        "Closeness": 0.19722222222222222,
        "Ratio Betwenness/Degree": 0.015727699530516438
    },
    "CDH3": {
        "type": "disease",
        "Degree": 1,
        "Betwenness": 0.0,
        "Eigen": 0.0,
        "Closeness": 0.09766162310866575,
        "Ratio Betwenness/Degree": 0.0
    },
    "ARL6": {
        "type": "disease",
        "Degree": 1,
        "Betwenness": 0.0,
        "Eigen": 0.0,
        "Closeness": 0.1504237288135593,
        "Ratio Betwenness/Degree": 0.0
    },
    "PRPF8": {
        "type": "disease",
        "Degree": 9,
        "Betwenness": 0.21461435278336685,
        "Eigen": 0.21461435278336685,
        "Closeness": 0.23509933774834438,
        "Ratio Betwenness/Degree": 0.023846039198151873
    },
    "BBS2": {
        "type": "disease",
        "Degree": 7,
        "Betwenness": 0.0003018108651911469,
        "Eigen": 0.0003018108651911469,
        "Closeness": 0.1761786600496278,
        "Ratio Betwenness/Degree": 4.3115837884449556e-05
    },
    "CTNNA1": {
        "type": "disease",
        "Degree": 2,
        "Betwenness": 0.028169014084507043,
        "Eigen": 0.028169014084507043,
        "Closeness": 0.1080669710806697,
        "Ratio Betwenness/Degree": 0.014084507042253521
    },
    "HK1": {
        "type": "disease",
        "Degree": 2,
        "Betwenness": 0.10784708249496981,
        "Eigen": 0.10784708249496981,
        "Closeness": 0.16784869976359337,
        "Ratio Betwenness/Degree": 0.053923541247484906
    }
}